<?xml version="1.0" encoding="UTF-8"?>
<project-private xmlns="http://www.netbeans.org/ns/project-private/1">
    <editor-bookmarks xmlns="http://www.netbeans.org/ns/editor-bookmarks/2" lastBookmarkId="0"/>
    <open-files xmlns="http://www.netbeans.org/ns/projectui-open-files/2">
        <group>
            <file>file:/D:/UOB-Y1-SEM2/OOP/stproject/stproject/src/interf/main.java</file>
            <file>file:/D:/UOB-Y1-SEM2/OOP/stproject/stproject/src/mycode/JavaMailUtil.java</file>
            <file>file:/D:/UOB-Y1-SEM2/OOP/stproject/stproject/src/interf/home.java</file>
            <file>file:/D:/UOB-Y1-SEM2/OOP/stproject/stproject/src/mycode/dbconnect.java</file>
        </group>
    </open-files>
</project-private>
